Workbook

Sheet Данные
A1: Фирма | B1: ТОО «Компания TROYA»
A2: Дата
A3: № заявки
A4: Нач. КТО
A5: Изделие
A6: Шифр
A7: Кол-во

Sheet 1 Заготовка
A1: =Данные!B1&" | Производственная заявка" | H1: ="Дата: "&Данные!B2
A2: ="№ заявки: "&Данные!B3 | G2: ="Нач. КТО: "&Данные!B4
A3: ="Изделие: "&Данные!B5 | E3: ="Шифр: "&Данные!B6&" | Кол-во: "&Данные!B7&" шт."
A5: ЛИСТ 1 1. ЦЕХ МЕТАЛЛОИЗДЕЛИЙ (Заготовительный участок: лазерная резка, гибка)
A6: Спецификация чистых заготовок на тираж (лазерная резка листа и трубы, гибка)
A7: № | B7: Обозначение | C7: Наименование детали | D7: Сортамент / Материал | E7: L, мм | F7: На 1 | G7: Всего, шт | H7: Операция
G8: =IF(F8="","",F8*Данные!$B$7)
G9: =IF(F9="","",F9*Данные!$B$7)
G10: =IF(F10="","",F10*Данные!$B$7)
G11: =IF(F11="","",F11*Данные!$B$7)
G12: =IF(F12="","",F12*Данные!$B$7)
A13: ="ИТОГО ЗАГОТОВОК НА ЗАКАЗ ("&Данные!$B$7&" шт.)" | F13: =SUM(F8:F12) | G13: =SUM(G8:G12) | H13: =IF(COUNTA(B8:B12)=0,"",COUNTA(B8:B12)&" типоразм.")
A15: Технологические указания и требования участка:
A16: • Трубы и профили резать на лазерном труборезе по файлам IGS, листовые детали — на лазере по чистому контуру DXF из папки 03_ЧПУ изделия.
A17: • Перед передачей в сварочный цех снять заусенцы на торцах всех заготовок и зачистить зоны сварных стыков.
A19: Нач. КТО: | E19: Начальник цеха металлоизделий:
A20: ="____________________ / "&Данные!B4 | E20: ____________________ / ____________________

Sheet 2 Сварка
A1: =Данные!B1&" | Производственная заявка" | G1: ="Дата: "&Данные!B2
A2: ="№ заявки: "&Данные!B3 | F2: ="Нач. КТО: "&Данные!B4
A3: ="Изделие: "&Данные!B5 | D3: ="Шифр: "&Данные!B6&" | Кол-во: "&Данные!B7&" шт."
A5: ЛИСТ 2 2. СВАРОЧНО-СБОРОЧНЫЙ ЦЕХ
A6: Сборочные единицы: сварная и механическая сборка, масса конструкций
A7: № | B7: Обозначение узла | C7: Наименование сборочной единицы | D7: Операция | E7: Масса 1 шт, кг | F7: На 1 изд | G7: Всего на тираж | H7: Общая масса, кг
G8: =IF(F8="","",F8*Данные!$B$7) | H8: =IF(G8="","",E8*G8)
G9: =IF(F9="","",F9*Данные!$B$7) | H9: =IF(G9="","",E9*G9)
G10: =IF(F10="","",F10*Данные!$B$7) | H10: =IF(G10="","",E10*G10)
G11: =IF(F11="","",F11*Данные!$B$7) | H11: =IF(G11="","",E11*G11)
G12: =IF(F12="","",F12*Данные!$B$7) | H12: =IF(G12="","",E12*G12)
A13: ИТОГО СБОРОЧНЫХ ЕДИНИЦ НА ЗАКАЗ | F13: =SUM(F8:F12) | G13: =SUM(G8:G12) | H13: =SUM(H8:H12)
A15: Технологические указания и требования участка:
A16: • Сварка полуавтоматическая в среде защитных газов (80% Ar + 20% CO2) сварочной проволокой Св-08Г2С ø0.8 мм по ГОСТ 14771-76.
A17: • Сварные швы сплошные, катет шва 2.0...3.0 мм. Не допускаются непровары, прожоги тонкостенных труб и наплывы металла.
A18: • Все лицевые сварные швы зачистить лепестковым кругом заподлицо с плоскостью труб под полимерную покраску.
A20: Нач. КТО: | E20: Начальник сварочного цеха:
A21: ="____________________ / "&Данные!B4 | E21: ____________________ / ____________________

Sheet 3 Покраска
A1: =Данные!B1&" | Производственная заявка" | G1: ="Дата: "&Данные!B2
A2: ="№ заявки: "&Данные!B3 | F2: ="Нач. КТО: "&Данные!B4
A3: ="Изделие: "&Данные!B5 | D3: ="Шифр: "&Данные!B6&" | Кол-во: "&Данные!B7&" шт."
A5: ЛИСТ 3 3. УЧАСТОК ПОЛИМЕРНО-ПОРОШКОВОЙ ПОКРАСКИ
A6: Ведомость окрашиваемых единиц по цветовым исполнениям заказа
A7: № | B7: Обозначение узла | C7: Наименование сборочной единицы | D7: Цветовое исполнение | E7: Изделий | F7: На 1 изд | G7: Всего | H7: Цвет покрытия
E8: =IF(B8="","",Данные!$B$7) | G8: =IF(F8="","",E8*F8)
E9: =IF(B9="","",Данные!$B$7) | G9: =IF(F9="","",E9*F9)
E10: =IF(B10="","",Данные!$B$7) | G10: =IF(F10="","",E10*F10)
E11: =IF(B11="","",Данные!$B$7) | G11: =IF(F11="","",E11*F11)
E12: =IF(B12="","",Данные!$B$7) | G12: =IF(F12="","",E12*F12)
A13: ИТОГО НА ПОКРАСКУ | F13: =SUM(F8:F12) | G13: =SUM(G8:G12)
A15: Технологические указания и требования участка:
A16: • Требования к внешнему виду: покрытие должно быть сплошным, однородным, без непрокрасов, потеков, царапин и механических повреждений.
A17: • Контроль качества внешнего вида покрытия производить визуально при естественном или рассеянном искусственном освещении.
A18: • Окрашенные сборочные единицы остудить и передать на участок комплектации, фурнитуры и сборки.
A20: Нач. КТО: | E20: Мастер малярного участка:
A21: ="____________________ / "&Данные!B4 | E21: ____________________ / ____________________

Sheet 4 Комплектация
A1: =Данные!B1&" | Производственная заявка" | G1: ="Дата: "&Данные!B2
A2: ="№ заявки: "&Данные!B3 | F2: ="Нач. КТО: "&Данные!B4
A3: ="Изделие: "&Данные!B5 | E3: ="Шифр: "&Данные!B6&" | Кол-во: "&Данные!B7&" шт."
A5: ЛИСТ 4 4. СКЛАД ТМЦ И УЧАСТОК КОМПЛЕКТАЦИИ (Фурнитура и покупные изделия)
A6: Комплектовочная ведомость покупной фурнитуры, комплектующих и настила
A7: № | B7: Код 1С | C7: Номенклатура ТМЦ | D7: Ед. изм. | E7: На 1 изд | F7: Всего на тираж | G7: Назначение
F8: =IF(E8="","",E8*Данные!$B$7)
F9: =IF(E9="","",E9*Данные!$B$7)
F10: =IF(E10="","",E10*Данные!$B$7)
F11: =IF(E11="","",E11*Данные!$B$7)
F12: =IF(E12="","",E12*Данные!$B$7)
A14: Технологические указания и требования участка:
A15: • Покупные изделия выдаются со склада ТМЦ на участки согласно графе «Назначение».
A17: Нач. КТО: | E17: Заведующий складом ТМЦ:
A18: ="____________________ / "&Данные!B4 | E18: ____________________ / ____________________

Sheet 5 Списание
A1: =Данные!B1&" | Производственная заявка" | H1: ="Дата: "&Данные!B2
A2: ="№ заявки: "&Данные!B3 | H2: ="Нач. КТО: "&Данные!B4
A3: ="Изделие: "&Данные!B5 | F3: ="Шифр: "&Данные!B6&" | Кол-во: "&Данные!B7&" шт."
A5: ЛИСТ 5 5. СВОДНАЯ ВЕДОМОСТЬ РАСХОДА И СПИСАНИЯ ТМЦ
A6: Расчет потребности в хлыстах, КИМ, деловых обрезков и технологического отхода по справочнику «Нормативы производства»
A7: № | B7: Сортамент и ГОСТ | C7: Чистый расход, м | D7: Хлыстов | E7: Расход с уч. техн., м | F7: Расход с уч. техн., кг | G7: КИМ, % | H7: Деловые обрезки | I7: Отход, кг
A13: ИТОГО МЕТАЛЛОПРОКАТ НА ЗАКАЗ | C13: =SUM(C8:C12) | E13: =SUM(E8:E12) | F13: =SUM(F8:F12) | I13: =SUM(I8:I12)
A15: Технологические указания и требования участка:
A16: • Технологический отход металла (торцовка, рез и обрезки короче делового) подлежит сдаче в металлолом.
A18: Нач. КТО: | D18: Начальник производства: | G18: Заведующий складом ТМЦ:
A19: ="____________ / "&Данные!B4 | D19: ____________ / ____________ | G19: ____________ / ____________
